"id","source","rating","title","text","date"
"14486427182","app_store","5","Phone pe","Nice work","2026-08-29T15:32:43Z"
"14485901390","app_store","1","Worst","Platform fees","2026-08-29T13:03:22Z"
"14485740767","app_store","5","Soooo good","👍👍👍👍💯💯💯","2026-08-29T12:13:11Z"
"14485526006","app_store","5","H","Not good","2026-08-29T10:58:24Z"
"14485467344","app_store","5","!!!","!!!","2026-08-29T10:36:03Z"
"14485392097","app_store","5","Make more new","Good","2026-08-29T10:06:33Z"
"14485250487","app_store","5","Vinay","Kumar palwar","2026-08-29T09:09:25Z"
"14485145299","app_store","2","Not much better","Please improve","2026-08-29T08:26:09Z"
"14485135913","app_store","5","Fasted app for paying","10/10","2026-08-29T08:22:16Z"
"14485030161","app_store","5","Satisfying","Great app to make payments conveniently","2026-08-29T07:37:44Z"
"14485000637","app_store","5","Good","Good to connection with you","2026-08-29T07:25:20Z"
"14484966851","app_store","5","Ved","Osm","2026-08-29T07:10:54Z"
"14484944901","app_store","5","Appreciation from User to Phone pe team","I am using phone pe since 2018, I never faced any technical glitches, Smooth payments all the time. A Wonderful app I can recommend everyone I know…

Thank you to Phone pe team, Great work 👏👏👏","2026-08-29T07:01:33Z"
"14484866887","app_store","5","Review","Good app","2026-08-29T06:27:20Z"
"14484788121","app_store","5","PhonePe","I am not able to open PhonePe","2026-08-29T05:52:11Z"
"14484772588","app_store","5","Good","Good","2026-08-29T05:45:11Z"
"14484757729","app_store","5","Very good","Very Easy & Safty","2026-08-29T05:38:46Z"
"14484732260","app_store","5","Ok","Ok","2026-08-29T05:27:19Z"
"14484571190","app_store","5","Nice","Nice","2026-08-29T04:14:47Z"
"14484548491","app_store","5","App which is make India proud!!!","The world’s best app.Easy to use.","2026-08-29T04:04:53Z"
"14484474963","app_store","5","Most trusted","I trust on phone pay the most than other apps. Keep this status always.","2026-08-29T03:33:21Z"
"14484374493","app_store","1","Very bad","Network issue thu","2026-08-29T02:51:53Z"
"14484353588","app_store","5","good","good","2026-08-29T02:43:26Z"
"14484352990","app_store","5","Best","10","2026-08-29T02:43:12Z"
"14483196921","app_store","5","Review","Convenient and to reliable","2026-08-28T19:15:44Z"
"14483002764","app_store","5","goood so coolll","nice aappp","2026-08-28T18:08:53Z"
"14482942964","app_store","5","Cv","Nice app","2026-08-28T17:49:01Z"
"14482922103","app_store","5","Review","Amazing interface and customer service","2026-08-28T17:42:05Z"
"14482611845","app_store","5","പോളിയാണ്","നല്ല സർവീസ്","2026-08-28T16:04:06Z"
"14482502395","app_store","5","Good","Good app","2026-08-28T15:31:28Z"
"14482465741","app_store","5","Wow","Wow","2026-08-28T15:20:42Z"
"14482246199","app_store","5","Rev","Quick and easy access.","2026-08-28T14:17:59Z"
"14482238962","app_store","5","Good","Excellent","2026-08-28T14:15:58Z"
"14482211374","app_store","5","Thank you so much","Thank you so much","2026-08-28T14:08:07Z"
"14482149241","app_store","1","Bar bar logout ho jata h","Bar bar logout ho jata h","2026-08-28T13:50:22Z"
"14482077433","app_store","5","Fastest payment app","Fast payment & Good interface","2026-08-28T13:29:36Z"
"14482040564","app_store","5","Perfect App","Phonepe works perfectly amazing and with effortless banking smooth and safe !!!","2026-08-28T13:18:51Z"
"14481989602","app_store","1","ios issues","I phone x can’t login app","2026-08-28T13:03:44Z"
"14481980390","app_store","1","Not working","Not working , 
Properly not working","2026-08-28T13:00:57Z"
"14481896700","app_store","5","Gjb","Gu","2026-08-28T12:35:16Z"
"14481828365","app_store","5","Best payment app","Safe secure and reliable app","2026-08-28T12:13:48Z"
"14481721694","app_store","1","Always asking for review","Its very irritating after payment it ask for review in iphone","2026-08-28T11:39:26Z"
"14481660667","app_store","1","Dustbin","Send only receiving and sent money notifications… don’t sent unnecessary dust!!!","2026-08-28T11:19:09Z"
"14481625628","app_store","5","Super","Super","2026-08-28T11:07:03Z"
"14481498002","app_store","2","charges","very high charge on  bill recharge","2026-08-28T10:20:34Z"
"14481277631","app_store","5","Very nice","5 star","2026-08-28T08:51:53Z"
"14481244353","app_store","5","One of the best money sender","Now a days it’s been the greatest one for responsible money sending app in the India","2026-08-28T08:37:30Z"
"14481204160","app_store","5","nice app","कायम हेच वापरा","2026-08-28T08:20:34Z"
"14481064607","app_store","5","Super","Super","2026-08-28T07:20:05Z"
"14481019138","app_store","5","Good","Weryfaste many transfers","2026-08-28T06:59:59Z"
"14480981882","app_store","5","Good","Good and stop asking for review again and again","2026-08-28T06:43:21Z"
"14480958241","app_store","5","Phone pe","Good for anything","2026-08-28T06:32:41Z"
"14480905570","app_store","5","Waa","Nice","2026-08-28T06:08:55Z"
"14480901490","app_store","5","Nice","Nice","2026-08-28T06:07:04Z"
"14480856430","app_store","5","Good app","Super","2026-08-28T05:46:24Z"
"14480743818","app_store","1","Worst UPI App. Uninstall it immediately.","Phonepe is blocking my account without any valid reason and if you ask for unblocking, they are just doing drama of “unusual activity”. They don’t even have humans to resolve such problems. Despite being a SBI Phonepe credit card user, my account has been blocked. So I have uninstalled this bogus app and will never use it in future. Also i will close this credit card.","2026-08-28T04:54:48Z"
"14480480622","app_store","5","Flight ticket","Good service","2026-08-28T02:59:24Z"
"14480133441","app_store","5","Good","Good","2026-08-28T00:41:13Z"
"14479456459","app_store","5","Bolo","Not bed","2026-08-27T20:13:17Z"
"14479037852","app_store","5","Krishna","Very useful","2026-08-27T17:48:08Z"
"14478723859","app_store","5","Good","Excellent","2026-08-27T16:07:49Z"
"14478482589","app_store","5","Good","Very good","2026-08-27T14:56:16Z"
"14478315247","app_store","2","Refund issue","Slow customer care service…refund issues","2026-08-27T14:07:55Z"
"14478310015","app_store","5","Excillent","Excillent","2026-08-27T14:06:26Z"
"14478251690","app_store","4","Ok","Good","2026-08-27T13:49:32Z"
"14478229734","app_store","5","Perfect","Very calm and helpful driver","2026-08-27T13:43:11Z"
"14478199937","app_store","5","Good","Good","2026-08-27T13:34:32Z"
"14478149115","app_store","5","Very nice application","Best wishes for great success","2026-08-27T13:19:27Z"
"14477905946","app_store","1","jja","janabha","2026-08-27T12:04:52Z"
"14477407769","app_store","4","Payment","Excellent service","2026-08-27T09:02:01Z"
"14477346083","app_store","5","Wow","Amazing","2026-08-27T08:36:04Z"
"14477320795","app_store","5","Great","Awesome","2026-08-27T08:25:23Z"
"14477250394","app_store","5","Nice","Exleent","2026-08-27T07:55:00Z"
"14477220618","app_store","5","Good and efficient","This app is good and meets the objectives. Why have they hidden “UPI lite” at the very bottom is something I am unable to understand!! Otherwise no complaints","2026-08-27T07:42:02Z"
"14477213769","app_store","1","Vegatabalae shop","Good product available","2026-08-27T07:39:01Z"
"14477038047","app_store","5","Good","Good","2026-08-27T06:21:02Z"
"14476989065","app_store","5","बहुत ही प्रशंसनीय सेवा है आपकी","बहुत ही सुंदरतम सेवा आपकी सेवा से मैं बहुत प्रसन्न हूँ","2026-08-27T05:58:58Z"
"14476942974","app_store","5","Pride of India","Always fast transfer of amount 
Nice app
Thanks","2026-08-27T05:38:01Z"
"14476939326","app_store","1","change extra","others app never charge extra amount on payment, if still extra charges continue we switch to other app","2026-08-27T05:36:23Z"
"14476784493","app_store","5","Good","Good","2026-08-27T04:25:45Z"
"14476748543","app_store","5","Hh","Hhh","2026-08-27T04:09:37Z"
"14476700708","app_store","5","beast","beast","2026-08-27T03:48:33Z"
"14476638284","app_store","5","Good","Best aplication","2026-08-27T03:21:53Z"
"14476635209","app_store","5","Review","AAP is user friendly","2026-08-27T03:20:36Z"
"14476560150","app_store","5","Very nice","Thank you so much for your valuable payment through PhonePe! 🙏💐

Your prompt payment and trust mean a lot to us. We truly appreciate your support and look forward to serving you always.

Thank you for choosing us!","2026-08-27T02:49:42Z"
"14476398148","app_store","4","Tea","Good","2026-08-27T01:45:38Z"
"14476369315","app_store","5","Good","It has been nice","2026-08-27T01:34:33Z"
"14475749019","app_store","1","Bad","Bad","2026-08-26T21:28:16Z"
"14475091389","app_store","5","Good Job","It’s really good experience, it’s easy and safe.","2026-08-26T17:33:58Z"
"14474862542","app_store","5","Great experience","Great experience","2026-08-26T16:21:39Z"
"14474840589","app_store","5","Good","Easy To Use","2026-08-26T16:15:01Z"
"14474800556","app_store","5","Handy","It’s handy and good","2026-08-26T16:02:59Z"
"14474774431","app_store","5","Good app","Good app","2026-08-26T15:55:10Z"
"14474633926","app_store","4","Good","Good","2026-08-26T15:13:17Z"
"14474606460","app_store","5","usefull","i am so glad to use phonepay","2026-08-26T15:05:12Z"
"14474586270","app_store","1","Gst","Gold purchase ask gat waste app","2026-08-26T14:59:14Z"
"14474519022","app_store","5","Njvjcugiggfigyxicgd","Ufufutuztfigyfoggf","2026-08-26T14:39:43Z"
"14474462063","app_store","5","Pilgrim payment","Very apt service","2026-08-26T14:23:20Z"
"14474459385","app_store","5","User Friendly","User friendly","2026-08-26T14:22:34Z"
"14474410237","app_store","5","Love it","Best of the best","2026-08-26T14:08:27Z"
"14474115102","app_store","5","Good","Goood","2026-08-26T12:41:07Z"
"14474107389","app_store","5","Comfortable","Reallyy","2026-08-26T12:38:46Z"
"14473985894","app_store","5","Review","Ok good","2026-08-26T12:00:32Z"
"14473935106","app_store","5","Nice","Nice","2026-08-26T11:44:02Z"
"14473908553","app_store","1","Not ok","Many time I given 5 star review but every transaction asking review worst app","2026-08-26T11:35:17Z"
"14473642066","app_store","5","Shree","Makes easy","2026-08-26T09:58:51Z"
"14473480898","app_store","5","Nizaar","👍","2026-08-26T08:53:28Z"
"14473383084","app_store","1","Worst app","Uninstall it worst app worst support","2026-08-26T08:12:05Z"
"14473321947","app_store","5","Veery goodness","Super","2026-08-26T07:45:58Z"
"14473316567","app_store","5","Excellent","Safe Transection","2026-08-26T07:43:37Z"
"14473301042","app_store","5","Review","Good","2026-08-26T07:36:55Z"
"14473284722","app_store","5","Super useful","What a service 👏🏼🙏🏻","2026-08-26T07:29:51Z"
"14472990694","app_store","4","Liked the UX","Easy to use and it has all the features I need","2026-08-26T05:18:51Z"
"14472933993","app_store","5","Transaction","Good","2026-08-26T04:53:00Z"
"14472852553","app_store","5","Nitin","Nitin","2026-08-26T04:16:28Z"
"14472825273","app_store","5","Phone pay","Very best performence and very fast payment procces","2026-08-26T04:04:22Z"
"14472715318","app_store","5","Nice","Good work","2026-08-26T03:17:26Z"
"14472656667","app_store","5","Best app","Best service and easy to use","2026-08-26T02:53:26Z"
"14472573333","app_store","5","Very good app","Now","2026-08-26T02:20:31Z"
"14472511477","app_store","5","Fast service.","Good service.","2026-08-26T01:56:36Z"
"14472467928","app_store","3","Acquire charges for recharge","Acquired extra charge for mobile charge electricity bill","2026-08-26T01:40:01Z"
"14472391971","app_store","5","Hussain","Very nice & easy to use","2026-08-26T01:11:01Z"
"14470959289","app_store","1","not show again my screen after pement sucsesfull","i am busy not again again write a review 🙏🙏so plse","2026-08-25T16:25:55Z"
"14470932437","app_store","5","Gud","Super performance","2026-08-25T16:17:40Z"
"14470881838","app_store","2","Too much advertisements","Previously this app was my primary app to pay stuffs via upi but now everytime i open this advertisement popup at first place and rest almost every where is advertisement now switched to BHIM Upi","2026-08-25T16:02:18Z"
"14470704322","app_store","5","NYC","NYC","2026-08-25T15:10:00Z"
"14470676489","app_store","5","Nice","Superb","2026-08-25T15:01:59Z"
"14470635964","app_store","5","Useefull","SUPERR LOVE ABLE APP","2026-08-25T14:50:14Z"
"14470391005","app_store","5","Okay.","Nice","2026-08-25T13:39:40Z"
"14470225708","app_store","5",".","6","2026-08-25T12:50:00Z"
"14470213596","app_store","5","Positive","It was good, very useful","2026-08-25T12:46:17Z"
"14470195574","app_store","4","👍 very good","Super","2026-08-25T12:40:40Z"
"14470140932","app_store","1","Is Phonepe a Agent of HDFC,ICICI Bank?","Is PhonePe working for private banks. Asking this question because I am unable to remove these banks from my bank list.And I am trying this literally from 2-3 months. Updated app every time it got an update from App Store still unable to remove these apps.I have 3 Banks in total SBI,HDFC,ICICI added in my account.I am able to remove SBI from list but not another two.","2026-08-25T12:23:40Z"
"14469513368","app_store","5","I phone 7 plus fone problem not send payment please solve my problem","Please open tha aap i phone please solve my problem send payment to iPhone 7plus","2026-08-25T08:34:12Z"
"14469462204","app_store","5","Nice","Smooth","2026-08-25T08:12:23Z"
"14469248960","app_store","5","Nice","Very pretty girl","2026-08-25T06:38:32Z"
"14469147930","app_store","5","P pay","Supper","2026-08-25T05:52:28Z"
"14469030509","app_store","5","Dinendran","Very good platform","2026-08-25T04:58:51Z"
"14468965353","app_store","5","Slow","Kay baar review mang rahe ho he payment ke baad review bhendi Badiya chal raha hai abhi","2026-08-25T04:28:58Z"
"14468963509","app_store","3","Phone pe","Good","2026-08-25T04:28:06Z"
"14468954727","app_store","5","Khatri","Very good app","2026-08-25T04:24:11Z"
"14468953606","app_store","5","Good app","Good app","2026-08-25T04:23:41Z"
"14468676827","app_store","5","😍","Nice very useful 😍","2026-08-25T02:27:12Z"
"14467439329","app_store","4","SO FAR SO GOOD","Fine","2026-08-24T18:36:36Z"
"14466855729","app_store","5","good","very good","2026-08-24T15:30:59Z"
"14466846999","app_store","5","Op","Op","2026-08-24T15:28:23Z"
"14466619637","app_store","1","Wallet not working why","Very bad app","2026-08-24T14:20:49Z"
"14466358536","app_store","5","Good","Good","2026-08-24T13:02:35Z"
"14466162121","app_store","4","Money scamming","In my account on phone pe using many years!but still have a lot of money issues!per month account balance reached maximum balance limit but this is my personal account and my personal problem!!but phone pe reached minimum balance limit and phone pe will 70/80₹ per month debit on my account whyy????
Tax for using phone pe?","2026-08-24T11:59:25Z"
"14466041574","app_store","5","Very wellll","Hnji","2026-08-24T11:17:43Z"
"14465893264","app_store","1","Mg","Mg","2026-08-24T10:21:49Z"
"14465641797","app_store","5","amazing  Phone pe","Useing the  payment process  so easily  and good 👍","2026-08-24T08:38:06Z"
"14465539799","app_store","5","Sg da d sad","B hyy as","2026-08-24T07:54:03Z"
"14465533135","app_store","5","Review","Good","2026-08-24T07:51:12Z"
"14465447654","app_store","5","Modda","Chiku","2026-08-24T07:13:32Z"
"14465300156","app_store","5","Nice","Nice 👍🏻","2026-08-24T06:07:17Z"
"14465271509","app_store","5","Mani send","Supar","2026-08-24T05:54:18Z"
"14465266316","app_store","5","Nice","Nice","2026-08-24T05:51:56Z"
"14465254994","app_store","5","Payment","Very easy and secure","2026-08-24T05:46:45Z"
"14465168722","app_store","4","Best app","Super fast payment transfer i love it","2026-08-24T05:06:53Z"
"14465045241","app_store","2","जीं","गूज","2026-08-24T04:09:40Z"
"14464926333","app_store","5","Good","Good","2026-08-24T03:18:28Z"
"14464692285","app_store","5","Good","Good","2026-08-24T01:44:08Z"
"14463185623","app_store","5","Powerfull","Anytime u can","2026-08-23T16:32:59Z"
"14462531821","app_store","5","I’m just saying","Good","2026-08-23T13:20:02Z"
"14462507583","app_store","5","Hdh","Bainchod app cashback deina","2026-08-23T13:12:24Z"
"14462411997","app_store","3","Good","Nicely done","2026-08-23T12:41:22Z"
"14462239177","app_store","4","Review","Write a review is often showing in phone pe shut this off","2026-08-23T11:41:31Z"
"14461968367","app_store","5","Good","Fast","2026-08-23T09:54:20Z"
"14461833793","app_store","1","Stop popping up after the payment for a review","I don’t want to see the popup again","2026-08-23T08:58:00Z"
"14461617978","app_store","5","Very good app","Very good app","2026-08-23T07:25:56Z"
"14461559764","app_store","5","Not bad","Please dont make this type of fool","2026-08-23T07:00:41Z"
"14461559030","app_store","5","Nice","Nice","2026-08-23T07:00:22Z"
"14461221846","app_store","5","Op","Op","2026-08-23T04:28:26Z"
"14461067937","app_store","5","Good","Good","2026-08-23T03:22:13Z"
"14461054899","app_store","2","Phonepe","Osm aap","2026-08-23T03:16:48Z"
"14459609750","app_store","5","Easy to use","Easy to use","2026-08-22T17:57:02Z"
"14459459144","app_store","1","Fooling people","Fraud","2026-08-22T17:09:09Z"
"14459154647","app_store","5","Nice aap","Nice","2026-08-22T15:36:45Z"
"14459033668","app_store","5","Good","Exactly","2026-08-22T15:01:33Z"
"14458837585","app_store","1","My unsuccessful transaction due to PhonePe and that cash could not return in my account. I","You are not a problem solving app. My 600 transaction will deducted from my account. You didn’t show that in my statement or in my bank statement or my UTR and you don’t let provide me solution for that ₹600. I raise ticket for that, but you can’t help me out.","2026-08-22T14:05:02Z"
"14458641329","app_store","5","Reward","Rewards what ever you provide provide cash rewards only👍","2026-08-22T13:06:29Z"
"14458311528","app_store","4","Great app for upi","Quickly response","2026-08-22T11:15:39Z"
"14458194142","app_store","5","All do gecko","Syehshdu","2026-08-22T10:30:26Z"
"14457892950","app_store","5","Good","10/10","2026-08-22T08:25:30Z"
"14457834869","app_store","5","Super app","Super app","2026-08-22T08:00:55Z"
"14457748019","app_store","5","Very nice","Very nice","2026-08-22T07:23:51Z"
"14457604669","app_store","5","So nice","So excited","2026-08-22T06:21:02Z"
"14457580804","app_store","5","Good","Good sever","2026-08-22T06:10:25Z"
"14457518418","app_store","1","Bad","Bad","2026-08-22T05:42:29Z"
"14457398628","app_store","5","Nice","Nice","2026-08-22T04:48:32Z"
"14457304555","app_store","1","Whenever I make payments app asking me for a review(hiding payment amount)","It has to change, if app stakeholders want reviews desperately here you have it","2026-08-22T04:07:01Z"
"14457227961","app_store","2","KLPD","MAI HOSPITAL KE BILLING COUNTER ME THA OR PAYMENT KE TIME TEQNICAL ISSUES BOLKE PAYMENT HUA HI NAHI 5-6 BAR TRY KIYA FIR PAYTM APP SE TRY KIYA EK BAR ME HO GAYA","2026-08-22T03:34:30Z"
"14457099255","app_store","5","Super","Super","2026-08-22T02:41:51Z"
"14456958134","app_store","1","Worst app","Worst app","2026-08-22T01:46:29Z"
"14456933925","app_store","5","Super","Excalent","2026-08-22T01:37:01Z"
"14456834541","app_store","3","Am happy","Am happy use phonepay app","2026-08-22T00:57:51Z"
"14456723367","app_store","5","Best service","Best app","2026-08-22T00:13:42Z"
"14455505748","app_store","4","Hi","Hi","2026-08-21T16:47:10Z"
"14455487997","app_store","4","TT","TT","2026-08-21T16:41:35Z"
"14455378263","app_store","5","Hi","Hi","2026-08-21T16:08:01Z"
"14455058271","app_store","5","Sb","Svagag","2026-08-21T14:34:49Z"
"14454937774","app_store","2","Phone pay","Very good","2026-08-21T14:00:52Z"
"14454787351","app_store","5","Good","Best","2026-08-21T13:17:11Z"
"14454254674","app_store","5","Good","Ok","2026-08-21T10:22:42Z"
"14454245834","app_store","5","Scan","Sometimes scan error","2026-08-21T10:19:22Z"
"14454202053","app_store","5","Nice","Mast","2026-08-21T10:02:31Z"
"14454196909","app_store","1","Payment for Frd","All good","2026-08-21T10:00:34Z"
"14454183673","app_store","5","Easy accessible","Very good.","2026-08-21T09:55:24Z"
"14453878604","app_store","5","Goog","Good","2026-08-21T07:51:01Z"
"14453865933","app_store","5","The Press Of India","Verry Good Job","2026-08-21T07:45:39Z"
"14453795268","app_store","5","Great","Good","2026-08-21T07:15:31Z"
"14453654626","app_store","5","Overall Ok","Love  to jio","2026-08-21T06:14:25Z"
"14453455334","app_store","5","Mk","Pathan","2026-08-21T04:46:25Z"
"14453385566","app_store","4","Good","Payment is easy","2026-08-21T04:15:48Z"
"14453311598","app_store","5","Good","The phonepe is good","2026-08-21T03:44:11Z"
"14453191699","app_store","5","No reward","G pay se better hae lekin reward aasha nai aayaa","2026-08-21T02:56:22Z"
"14453036773","app_store","5","Fine","Good","2026-08-21T01:56:58Z"
"14452940706","app_store","5","Excellent and safe","Safe and excellent payment UPi","2026-08-21T01:20:40Z"
"14452824408","app_store","5","AAP THE BEST","I am experiencing  the AAP as if it is my personnel Wallet in hand.  
24x7 is a superb  service, with ZERO hurdles or any issues

My 🎩off to the most simple system 
established !

Daily I experience the cash flow very comfortably through
PHONE PE!  

True wallet in hand instead of cash in pocket!","2026-08-21T00:35:59Z"
"14451801226","app_store","5","Great Experience","Good for all transactions","2026-08-20T18:12:40Z"
"14451547693","app_store","5","Very good","Good","2026-08-20T16:52:05Z"
"14451261326","app_store","5","Review",".","2026-08-20T15:27:07Z"
"14451124746","app_store","5","Excellent","Very good","2026-08-20T14:48:31Z"
"14451120809","app_store","1","Platform charges","Plz don’t take platform charges","2026-08-20T14:47:24Z"
"14451022042","app_store","5","Tara","Excellent","2026-08-20T14:19:40Z"
"14450734614","app_store","1","Data breach","This is absolutely ridiculous, I just go a notification from phonepe regarding the loan plans , and clicked them to just check the interest rate , From then it started with in few hours I started getting multiple calls from different different financing companies are you having loan requirements this literally should be considered as crime almost blocked 8 calls in the span of two days","2026-08-20T12:57:33Z"
"14450677788","app_store","5","Super","Super","2026-08-20T12:40:14Z"
"14450304807","app_store","5","Phone pe best aap","Phone pe best aap","2026-08-20T10:38:08Z"
"14450122783","app_store","1","Expensive","Very expensive compare to market rate","2026-08-20T09:28:22Z"
"14450060298","app_store","2","Payment history","When i pay some one, payment should be displayed in the trailing chat of that person. I am not that idle to go in the common payment history and search for that amount sent to the person. This is the issue i have been facing from pst 3-4 years","2026-08-20T09:03:14Z"
"14449970197","app_store","5","Best app","Best app","2026-08-20T08:26:13Z"
"14449916562","app_store","4","Special Benefits","Using phone pay for all payments since ages. No rewards or benefits seen at all. You must Look at number or Value to reward users in a right perspective. It should be a win-win","2026-08-20T08:03:59Z"
"14449788718","app_store","5","India No.1 apps","India No.1 apps for upi transfer and multi purpase","2026-08-20T07:10:00Z"
"14449756373","app_store","5","User free","I’m good to use","2026-08-20T06:56:19Z"
"14449755871","app_store","5","Good","Very useful for UPI","2026-08-20T06:56:07Z"
"14449735893","app_store","5","Okay","Shabana","2026-08-20T06:47:33Z"
"14449569444","app_store","5","Nice","Best","2026-08-20T05:34:49Z"
"14449557121","app_store","1","Review","It’s a pathetic app.
Use it on your terms.","2026-08-20T05:29:24Z"
"14449358360","app_store","1","Not Good","Taken lot of time for transactions","2026-08-20T04:02:42Z"
"14449268913","app_store","5","Payment","Best payment method","2026-08-20T03:25:34Z"
"14449218556","app_store","1","Too much advertising","At starting of phonepay there is clean app which is suitable for payment and all. Nowadays there is lots of advertisements irritating us. By mistake if we touch it is going to be trouble.","2026-08-20T03:05:30Z"
"14449198166","app_store","4","Payment","Good","2026-08-20T02:57:30Z"
"14449163405","app_store","5","Super","Excellent","2026-08-20T02:43:59Z"
"14449122713","app_store","5","Best best best in all the areas","As an NRI I was trying other UPI apps (the famous ones) but they are not good to onboard. Too many technical issues. 
But phonepe is awesome 😍, super fast, intelligent app, fixes everything on its own, great service, amazing experience. Love you guys 🤗🤗","2026-08-20T02:28:22Z"
"14448991793","app_store","5","Super","Nice","2026-08-20T01:39:13Z"
"14448790031","app_store","1","Some times very worst","Sometimes it’s taking a lot of time to proceed the amount","2026-08-20T00:22:45Z"
"14447917957","app_store","5","Super","Very good","2026-08-19T18:57:23Z"
"14447891499","app_store","5","Kk","User friendly","2026-08-19T18:48:20Z"
"14447782078","app_store","1","SIP","My all Sip s are deleted itself. Your team was unable to resolve the issue.","2026-08-19T18:11:50Z"
"14447487058","app_store","5","Very good","Very good Gurjar ke put kha pi ke majbut ❤️‍🔥👍🏻","2026-08-19T16:38:25Z"
"14447447147","app_store","5","Excellent","Service","2026-08-19T16:26:20Z"
"14447349001","app_store","5","nice service","very good","2026-08-19T15:57:02Z"
"14447011528","app_store","5","Good","That’s a good app","2026-08-19T14:20:47Z"
"14446935736","app_store","1","Action Needed on Wallet","Unable to Proceed
We couldn't process your request for security reasons. Please try after 24 hours. 😡😡😡😡😡🤬🤬🤬🤬","2026-08-19T13:59:33Z"
"14446568569","app_store","5","a","p","2026-08-19T12:10:35Z"
"14446322493","app_store","5","Good app","Good working","2026-08-19T10:48:29Z"
"14446117494","app_store","5","Review for phone pay","Excellent","2026-08-19T09:30:14Z"
"14445957916","app_store","5","Ok","Ok","2026-08-19T08:25:24Z"
"14445874201","app_store","5","Bad than Google Pay","Many time it happens that Phone Pay does not work but Goole Pay does transaction successful.
Phone Pay need to make improvements...","2026-08-19T07:50:43Z"
"14445813047","app_store","1","Bill charges","Unwanted additional charges on Bill payment","2026-08-19T07:24:57Z"
"14445737235","app_store","5","Cool","5","2026-08-19T06:52:48Z"
"14445669276","app_store","5","har ek transaction ke baad review ka ka option mat diya karo nahi Phone pe Delete kar denge 😡👍","Are you understanding","2026-08-19T06:23:19Z"
"14445524071","app_store","5","Trusted user friendly","Awesome experience 
Thanks!","2026-08-19T05:19:09Z"
"14445512579","app_store","1","Lots of advertising","PhonePe is now looks like a advertisement website, anything you want to do suddenly an advertisement pops up","2026-08-19T05:14:07Z"
"14445501632","app_store","5","Ok","Ok","2026-08-19T05:09:21Z"
"14445484828","app_store","1","Good","Good","2026-08-19T05:01:56Z"
"14445462898","app_store","1","Iop refund","No reply","2026-08-19T04:52:17Z"
"14445450199","app_store","5","PhonePe","I like it it is very easy to use.","2026-08-19T04:46:35Z"
"14445447874","app_store","5","No issue","Good payment App","2026-08-19T04:45:33Z"
"14445405824","app_store","1","Fack aap","Bar bar sala review ho mangta hai lo ab","2026-08-19T04:26:59Z"
"14445328699","app_store","5","Good help","Thank you phone pay","2026-08-19T03:53:59Z"
"14445312281","app_store","3","Quick calculation while entering the payment amount","When entering an amount to pay a vendor through PhonePe, please add a built-in calculator option.

For example, instead of leaving the app to calculate ₹250 + ₹180 + ₹75, users should be able to type 250+180+75 directly in the amount field and instantly get the total (₹505).

Benefits:

* Faster payments
* No need to switch between PhonePe and the calculator app
* Useful for grocery stores, restaurants, and multiple-item purchases
* Reduces calculation errors

This feature would make it easier to calculate and pay at the same time.","2026-08-19T03:47:07Z"
"14445225411","app_store","5","Speed","Fast and quick process
Thank you","2026-08-19T03:11:28Z"
"14443436600","app_store","4","🤣","Nhi bataenge🤣","2026-08-18T16:26:43Z"
"14443393599","app_store","5","Payment","Pehle Yo Theek Tha Ab Lekin Baar Baar Review Le Le kar irritated kar raha hai","2026-08-18T16:13:50Z"
"14443301373","app_store","1","Tati payment application","Pese phele cut krte hai or payment  done baad m hota hai","2026-08-18T15:46:41Z"
"14443277269","app_store","5","About the review","Good","2026-08-18T15:39:36Z"
"14443148403","app_store","5","Good","Good experience","2026-08-18T15:02:29Z"
"14442943378","app_store","5","About The phone pay","This Is best App for faster Transactions","2026-08-18T14:04:13Z"
"14442743095","app_store","5","Very good transaction","Very, very good","2026-08-18T13:07:07Z"
"14442489620","app_store","5","shows old balance","many times after spending balance doesn't update","2026-08-18T11:48:46Z"
"14442424393","app_store","5","Good human being","I was very unwell, and even though my location had ended, the driver still came around 1 km further to drop me home. He didn’t even charge me anything extra. Such a kind, helpful, and genuinely good person. Really appreciate his humanity and support.","2026-08-18T11:27:11Z"
"14442281123","app_store","1","SERIOUS DATA PRIVACY CONCERN — PHONEPE NEEDS TO INVESTIGATE","I have been using PhonePe for my personal transactions, and I am extremely concerned about a serious privacy issue that has come to my attention.

While dealing with a loan recovery issue involving Zypee, their representatives appear to have information about my PhonePe transactions and the people I made payments to. They have contacted people connected to me—including my friends’ sisters, my sisters, colleagues and family friends—regarding my loan and requested that they make the payment.

What is extremely concerning is that the people being contacted are individuals to whom I had previously made payments through PhonePe. Zypee appears to have knowledge of these transactions and access to contact information connected with them.

This raises a very serious question:

How could a third party know which people I had made payments to through PhonePe while taking the loan?

I have call recordings and call logs documenting these incidents.

I am not making an assumption about the source of the information. However, the apparent connection between my PhonePe transaction history and the third-party contacts being approached is serious enough that PhonePe should investigate whether any customer transaction data, recipient information or associated contact information has been improperly accessed, disclosed or shared.

I expect PhonePe to:

* Investigate whether my transaction data has been accessed by any unauthorised third party.
* Investigate whether my transaction history or recipient information has been shared with Zypee or any other entity.
* Explain how a third party could apparently identify people I had transacted with.
* Review whether any API, lending-partner, data-sharing or third-party integration could have exposed this information.
* Preserve and investigate the relevant access and audit logs.
* Provide me with a proper explanation rather than a generic customer-support response.

PhonePe transactions contain extremely sensitive information about people’s financial activities and relationships. Customers should be able to trust that this information remains private and is not being used to facilitate third-party harassment or loan recovery.

I am raising this review because I believe this deserves a serious data-privacy investigation, not merely a routine support ticket.

PhonePe — please investigate this matter urgently and explain how this information could have reached Zypee.","2026-08-18T10:36:48Z"
"14442160931","app_store","5","Better","Good","2026-08-18T09:51:34Z"
"14442027317","app_store","5","good","helpful❤️","2026-08-18T08:58:20Z"
"14441848933","app_store","1","Bakawas","Bakawas","2026-08-18T07:44:26Z"
"14441845705","app_store","5","I phoen fece lock","Nice update","2026-08-18T07:43:04Z"
"14441764431","app_store","5","Nice phone pay","All the best","2026-08-18T07:08:07Z"
"14441633931","app_store","5","pp","good","2026-08-18T06:11:11Z"
"14441625851","app_store","4","Dhiraj Baishya","Awesome service","2026-08-18T06:07:37Z"
"14441609199","app_store","5","Ultra Fast transactions even in low networks","No other UPI service can beat the speed of phonepe in terms of speed. Even when I’m in low network areas, phonepe always tends to be fast. Some of the other UPI’s like Paytm, GPay, Bhim, struggle in low network areas, with phonepe you need not worry about it anymore. Thanks to phonepe.","2026-08-18T06:00:16Z"
"14441584229","app_store","5","Chutyaa appp again and again notifications arrives of reviews","Worst ever . I wrote my review already but notifications coming again and again","2026-08-18T05:49:16Z"
"14441490556","app_store","2","The phone pay payments which i received that showing in history not in front face","The phone pay payments which i received that showing in history not in front face","2026-08-18T05:07:27Z"
"14441429853","app_store","3","Personal loan","Give me 10000 personal loan on my 0 credit score because i have not applied for loan before so my credit score is zero","2026-08-18T04:40:35Z"
"14441352479","app_store","5","Good","Good","2026-08-18T04:06:50Z"
"14441307306","app_store","2","All QR scanners are being blocked.","All QR scanners are being blocked. Recently installed PhonePe on my new iPhone 16, whenever I try to scan any QR to send money it’s showing blocked by PhonePe protect with message “QR will not be used while receiving payment”. Tried at different places but same issue.","2026-08-18T03:47:48Z"
"14441102631","app_store","5","Awesome app","Superb","2026-08-18T02:26:37Z"
"14441099124","app_store","5","Good","Good Application","2026-08-18T02:25:14Z"
"14440357330","app_store","5","Nice","Good","2026-08-17T21:42:20Z"
"14439687762","app_store","1","Heis","Good","2026-08-17T17:50:58Z"
"14439441838","app_store","1","Bad its slow","No cash back","2026-08-17T16:35:20Z"
"14439003378","app_store","3","Good","Good","2026-08-17T14:28:30Z"
"14438943553","app_store","5","Thnks alwys available","Thnks always available","2026-08-17T14:11:31Z"
"14438926477","app_store","5","Superb","5star","2026-08-17T14:06:41Z"
"14438888169","app_store","5","Gd","Gd","2026-08-17T13:55:54Z"
"14438707154","app_store","5","Super","Super","2026-08-17T13:02:56Z"
"14438650209","app_store","5","DP","❤️‍🩹","2026-08-17T12:45:29Z"
"14438276302","app_store","5","Very good 😊","Good","2026-08-17T10:40:03Z"
"14438259066","app_store","4","gjjannsnanan","babnanan","2026-08-17T10:33:38Z"
"14438082881","app_store","5","Best app","Best app for upi payements","2026-08-17T09:25:12Z"
"14437964571","app_store","5","App","This Is Very Safely For UPI Transaction","2026-08-17T08:37:05Z"
"14437913438","app_store","5","Excellent","I am using this app since 2021. I love this app over any other upi apps","2026-08-17T08:15:46Z"
"14437736550","app_store","5","Great Experience","Amazing payment gateway","2026-08-17T07:00:38Z"
"14437671834","app_store","1","Not able to make any payment","i am not able to make any payment on phone pe app as it is showing phon pe protect is activated and blocking everything on my new iPhone and not able to contact customer care also please help","2026-08-17T06:32:32Z"
"14437416568","app_store","5","Good","Superb Service","2026-08-17T04:39:47Z"
"14437377233","app_store","5","Good","Good","2026-08-17T04:22:25Z"
"14437281763","app_store","5","Update","Good","2026-08-17T03:41:42Z"
"14437249983","app_store","1","Kabhi download na kare","Kabhi download na kare bohot pachtaoge only waste of time","2026-08-17T03:28:38Z"
"14437204906","app_store","5","Better than google pay","Better than google pay app","2026-08-17T03:10:29Z"
"14436321607","app_store","5","Worst","Needs more skilled people to run this","2026-08-16T21:25:24Z"
"14436116231","app_store","1","Loda app","Are kya zhatu app hai loda kahi ka khudka server anytime down rehta hai and bank ka down bata rha hai google pay mai fast tag add krke payment krn pada lode ke baal phone pe, 2 din se payment nai ho rha is platform se uninstalling maki chut","2026-08-16T20:11:16Z"
"14435988570","app_store","5","Transfer money","Good service","2026-08-16T19:27:36Z"
"14435359128","app_store","5","Services","Best service, no issues of network and no any glitchs 😗","2026-08-16T16:12:30Z"
"14435283720","app_store","5","Good","Good","2026-08-16T15:50:55Z"
"14435106415","app_store","5","Good","Good","2026-08-16T15:00:57Z"
"14435021219","app_store","5","Services","Best service","2026-08-16T14:37:06Z"
"14434817170","app_store","1","Bed","Work","2026-08-16T13:39:01Z"
"14434737334","app_store","3","Some settings problm","Notifications setting not working or biomatic face id","2026-08-16T13:15:29Z"
"14434705151","app_store","5","F","Fine","2026-08-16T13:05:43Z"
"14434482992","app_store","5","Jaikee","🚩","2026-08-16T11:53:51Z"
"14433781351","app_store","5","Paying","Trending pay mode","2026-08-16T07:16:17Z"
"14433731061","app_store","5","Payment","Good","2026-08-16T06:54:50Z"
"14433716990","app_store","5","Best","Best","2026-08-16T06:48:43Z"
"14433670235","app_store","5","Decent","Need more improvement","2026-08-16T06:28:27Z"
"14433537771","app_store","5","Super app","Fantastic app","2026-08-16T05:30:02Z"
"14433516878","app_store","5","100/","Performance very excellent","2026-08-16T05:20:49Z"
"14433303201","app_store","5","Nice working","Handwriting","2026-08-16T03:48:39Z"
"14433280256","app_store","5","My go to upi app","Thank you for your service","2026-08-16T03:39:15Z"
"14433272367","app_store","5","Review","Nice app","2026-08-16T03:36:02Z"
"14433198630","app_store","5","👌","👌","2026-08-16T03:06:29Z"
"14432554671","app_store","5","Fast","Very fast and easy safe","2026-08-15T22:55:06Z"
"14432045866","app_store","1","Dabba","Dabba dabba","2026-08-15T19:42:28Z"
"14431835104","app_store","5","Right","Good","2026-08-15T18:31:18Z"
"14431805130","app_store","5","Good","Very good","2026-08-15T18:21:33Z"
"14431765793","app_store","5","Independence day special","Mind blowing","2026-08-15T18:08:56Z"
"14431572645","app_store","5","Hemangi rathod","Good and bettar experience i m so happy for use","2026-08-15T17:08:43Z"
"14431280271","app_store","5","PhonePe","Very Easy","2026-08-15T15:43:24Z"
"14431103785","app_store","1","….","….","2026-08-15T14:54:00Z"
"14430983057","app_store","5","Phonepe","Very good app","2026-08-15T14:20:36Z"
"14430833449","app_store","5","Don’t give flash notifications after every payment otherwise i will uninstall phonepe","Don’t give flash notifications after every payment otherwise i will uninstall phonepe","2026-08-15T13:38:50Z"
"14430825392","app_store","5","My Bank","It’s ready to use bank just like cash in hand. Never felt empty pocket😍😍😍😍","2026-08-15T13:36:32Z"
"14430774399","app_store","4","Don’t hesitate even after giving rating","Don’t hesitate even after giving rating","2026-08-15T13:21:58Z"
"14430526198","app_store","1","Review","Very very bad service","2026-08-15T12:05:41Z"
"14430518214","app_store","5","Best","Super","2026-08-15T12:03:04Z"
"14430415606","app_store","1","Very Disappointing Experience with PhonePe Silver","I sold my silver through the PhonePe app, and it has been a week, but the amount has still not been credited to my bank account. PhonePe’s own information says that after selling silver, the amount should be credited to the linked bank account within 48 hours.
I have already tried contacting customer care several times, but my issue has still not been resolved. This is extremely disappointing, especially when it involves my own money.
I request PhonePe to look into this matter urgently, provide a clear explanation for the delay, and credit my amount without any further delay. Poor customer support and lack of resolution have seriously affected my trust in the service.","2026-08-15T11:28:12Z"
"14430084313","app_store","5","Thanks thanks","Thank","2026-08-15T09:21:27Z"
"14430038327","app_store","5","Phonpay","Good service and response believes","2026-08-15T09:02:50Z"
"14429616598","app_store","5","Send some coupons","Send some cash backs","2026-08-15T06:07:03Z"
"14429514729","app_store","5","Nice","Nice","2026-08-15T05:23:09Z"
"14429477415","app_store","5","Service","Excellent service","2026-08-15T05:07:10Z"
"14429437384","app_store","5","Excellent Always","Great Experience Always","2026-08-15T04:50:06Z"
"14429332098","app_store","5","Good","Good","2026-08-15T04:06:05Z"
"14429275810","app_store","1","My phone pay account is temporarily blocked and phone pay customer service is not responding","My phone pay account is temporarily blocked and phone pay customer service is not responding","2026-08-15T03:43:21Z"
"14429213318","app_store","5","Comfortable","All is well happy Independence Day♥️","2026-08-15T03:18:33Z"
"14429088034","app_store","1","No payment","Please help i cannot do any kind of payment at all to anyone due to security issue it seems i am too protected… if i cannot do payment what is the need for this app for me","2026-08-15T02:30:53Z"
"14427732271","app_store","5","wow","wow experience","2026-08-14T18:15:08Z"
"14427387845","app_store","5","Super","Amazing","2026-08-14T16:27:18Z"
"14427229641","app_store","4","Realistic","actually works good genuine application","2026-08-14T15:41:15Z"
"14427147408","app_store","2","iPhone 8 ios 16 it’s not opening","Please give access for iPhone 8 phones under ios 6 ……it’s not opening in ios 6 please fix dis issue","2026-08-14T15:18:12Z"
"14427104157","app_store","1","Good","Very good","2026-08-14T15:06:13Z"
"14427067384","app_store","1","Add","Advertisement","2026-08-14T14:56:02Z"
"14427048581","app_store","5","g","good","2026-08-14T14:50:46Z"
"14427048441","app_store","1","1star Review","Very buggy and takes long time for transactions in good network condition 
It takes 3 min for transaction not only first time","2026-08-14T14:50:43Z"
"14426998987","app_store","1","Phonepe","Network issues","2026-08-14T14:37:07Z"
"14426796955","app_store","4","Driving abilities good","Rash driver","2026-08-14T13:40:32Z"
"14426463180","app_store","5","good","nice","2026-08-14T12:00:55Z"
"14426343840","app_store","2","Any thing","Don’t suggest me review again otherwise I’ll stop using phije pat","2026-08-14T11:22:07Z"
"14426198685","app_store","5","Add user & profiles","Can add up to 5 users","2026-08-14T10:31:27Z"
"14425879907","app_store","4","Trouble","Some times make trouble","2026-08-14T08:28:17Z"
"14425750342","app_store","5","Very nice","Amazing services","2026-08-14T07:34:34Z"
"14425559440","app_store","5","Phone pay","Good","2026-08-14T06:12:16Z"
"14425536128","app_store","1","For collecting extra charges","Some payments UPI platforms like Amazon pay not collecting extra charges of some payments","2026-08-14T06:02:05Z"
"14425190539","app_store","5","good","good","2026-08-14T03:34:11Z"
"14425009248","app_store","5","Nice","This PhonePe app better than other apps","2026-08-14T02:25:05Z"
"14424990055","app_store","5","Super Star","Superb performance, all in one service .","2026-08-14T02:17:55Z"
"14424852237","app_store","5","Km","Okay","2026-08-14T01:26:57Z"
"14424651118","app_store","5","Clean vehicle","Very much polite and humble grate ride","2026-08-14T00:12:07Z"
"14424112600","app_store","5","Nice","Nice","2026-08-13T20:44:28Z"
"14423965730","app_store","5","Nice","Nice","2026-08-13T19:51:28Z"
"14423693350","app_store","5","Best UPI for ever","Excellent","2026-08-13T18:18:18Z"
"14423415580","app_store","5","Good","Good","2026-08-13T16:49:42Z"
"14423336431","app_store","5","Good","Good","2026-08-13T16:25:58Z"
"14422933763","app_store","4","Online Pay","Good","2026-08-13T14:30:35Z"
"14422783515","app_store","3","Bakwas app tatty","Tatty","2026-08-13T13:48:10Z"
"14422689196","app_store","5","Wow","Wow","2026-08-13T13:21:09Z"
"14422672243","app_store","5","Don’t remember me","Don’t remember me","2026-08-13T13:16:13Z"
"14422646185","app_store","5","Excellent","Super good","2026-08-13T13:08:35Z"
"14422591677","app_store","5","Best and best","It’s one of the safest and easy banking methods to do transactions it’s best","2026-08-13T12:52:26Z"
"14422555171","app_store","5","Very good","It’s very good experience and good service","2026-08-13T12:41:28Z"
"14422441614","app_store","5","This is best app","This is best app","2026-08-13T12:06:35Z"
"14422371668","app_store","5","Mast h","Mast h","2026-08-13T11:44:16Z"
"14422266873","app_store","1","Very bad accessibility implementation","This application is not useful for the blind and visually impaired person It is not accessible at all previously it’s accessible, but from one year, the accessibility is totally destroyed by the update policy.","2026-08-13T11:09:39Z"
"14422257216","app_store","1","Why no discounts","immediately paid","2026-08-13T11:06:21Z"
"14422209626","app_store","3","phonepe upi","best","2026-08-13T10:49:47Z"
"14422200461","app_store","5","Best","Full Help full 😊","2026-08-13T10:46:25Z"
"14422045753","app_store","5","O","Good","2026-08-13T09:49:03Z"
"14421841894","app_store","5","Very nice","Good work","2026-08-13T08:29:37Z"
"14421770096","app_store","1","Trash","This app never works on time no matter how good your internet connection is this is absolute garbage","2026-08-13T08:00:58Z"
"14421745010","app_store","1","Charges","Payment Charges","2026-08-13T07:50:42Z"
"14421721752","app_store","5","T","R","2026-08-13T07:41:07Z"
"14421707295","app_store","1","Lowwrrr£","Ek hi update zindgi bhar dega kya, kam hai ya nhi, nhi hai to g@@|-| g!j","2026-08-13T07:35:15Z"
"14421693004","app_store","5","Service","Good","2026-08-13T07:29:25Z"
"14421623045","app_store","4","super","गुड","2026-08-13T07:00:28Z"
"14421446581","app_store","5","Null","Excellent","2026-08-13T05:45:17Z"
"14421443979","app_store","5","Trusted","Fast payment","2026-08-13T05:44:07Z"
"14421422032","app_store","5","Service","Very quick and excellent  service","2026-08-13T05:34:35Z"
"14421417043","app_store","1","Autopay Mandate Sucks","I’m trying add my Bank to Automandate but it shows some error and it’s been twenty days since I have sent a mail to PhonePe still no resolution provided by them","2026-08-13T05:32:27Z"
"14421396403","app_store","5","Smooth","Nice","2026-08-13T05:23:24Z"
"14421396111","app_store","5","Abc","Nice app","2026-08-13T05:23:17Z"
"14421312424","app_store","5","Good service","Good service","2026-08-13T04:47:14Z"
"14421290203","app_store","5","Nice app","Nice app","2026-08-13T04:37:45Z"
"14421201968","app_store","1","Worst","My phone Pe app running very dead slow","2026-08-13T04:00:25Z"
"14421184960","app_store","5","Best","Best","2026-08-13T03:53:18Z"
"14421154677","app_store","5","Feedback","Best and safe app for money transactions. Like it","2026-08-13T03:40:54Z"
"14421119045","app_store","5","Good","Fast","2026-08-13T03:26:31Z"
"14421003014","app_store","1","Etra cutting","No scratch cards","2026-08-13T02:41:46Z"
"14420513652","app_store","5","Good","Trusted","2026-08-12T23:39:03Z"
"14419755188","app_store","5","Service better","4","2026-08-12T18:58:28Z"
"14419444217","app_store","5","Ok","Russian","2026-08-12T17:14:26Z"
"14419375595","app_store","5","Good","Sxperience with play","2026-08-12T16:53:04Z"
"14419280878","app_store","5","Good","How many time again asking review","2026-08-12T16:24:21Z"
"14419168580","app_store","5","No 1","Ever best experience","2026-08-12T15:51:10Z"
"14419162616","app_store","4","💗","🔝","2026-08-12T15:49:26Z"
"14419151611","app_store","5","Bhajnaram","Best","2026-08-12T15:46:18Z"
"14419144816","app_store","1","Service","Ek dum 0%","2026-08-12T15:44:17Z"
"14419143940","app_store","5","Best upi app","Tried every other app","2026-08-12T15:44:01Z"
"14419092312","app_store","1","No access for Ireland Number","Why there is no way to register using an Ireland number for NRIs. It’s really disappointing.","2026-08-12T15:29:12Z"
"14418956918","app_store","5","Best UPI app","PhonePe is seamless, never went an breakdown in my experience, and easy to navigate everything","2026-08-12T14:50:52Z"
"14418926137","app_store","5","Nana","Habah","2026-08-12T14:42:22Z"
"14418790929","app_store","5","payment gateway app","best app , simple , and very easy operate . history deletion option can be given","2026-08-12T14:04:46Z"
"14418783263","app_store","3","App hangs in iPhone","When unable to scan a QR code, the app freezes. It doesn’t come out of that screen in iPhone.","2026-08-12T14:02:40Z"
"14418533486","app_store","1","Server issues","This days I’m facing a lot of server issues and technical problems in PhonePe I’m totally dissatisfied with this problems if this continues like this I will uninstall the application","2026-08-12T12:50:22Z"
"14418467956","app_store","5","Good App Eassy Interface","Good ,Little slow","2026-08-12T12:30:25Z"
"14418404480","app_store","5","Good","Good service","2026-08-12T12:10:43Z"
"14418347697","app_store","4","Nice","8","2026-08-12T11:52:29Z"
"14418338946","app_store","1","Mutual fund","Phone pe is not give proper resolution for that when we try to withdraw then it’s not make full amount and take high rate of charges for withdraw

And also executive not give proper answer and talk rudely in call and also ticket is closed without resolved 
So do not invest any amount threw phone pe 
Phone pe is very worst application for mutual fund 
As per my experience phone pe take 8k charges from 44k amount","2026-08-12T11:49:36Z"
"14418235201","app_store","5","mja aaya use krke","katai jahar","2026-08-12T11:15:04Z"
"14418153646","app_store","5","A better medium to pay","I prefer PhonePe coz despite weak signals, it works most of the time.","2026-08-12T10:46:19Z"
"14417970382","app_store","5","Fast and smooth","Smoothest and fastest","2026-08-12T09:37:06Z"
"14417941449","app_store","5","Nice work","Good","2026-08-12T09:25:39Z"
"14417807517","app_store","5","Faaahhhhhhh","Meoww  ghop ghop ghop 😁😁😁","2026-08-12T08:31:32Z"
"14417770434","app_store","1","Very bad system and menu","Ipo auto pay request can’t see…bad option system","2026-08-12T08:16:23Z"
"14417707035","app_store","5","Excellent","Service is amazing","2026-08-12T07:50:17Z"
"14417693391","app_store","5","Seameless experience","Great and flawless experience for payments","2026-08-12T07:44:42Z"
"14417625866","app_store","5","Property tax","Excellent","2026-08-12T07:16:24Z"
"14417574061","app_store","4","Good","Nice experience","2026-08-12T06:54:50Z"
"14417556702","app_store","5","Nice","Nice","2026-08-12T06:47:28Z"
"14417544085","app_store","5","Hitendrasinghrao","Nice app","2026-08-12T06:42:09Z"
"14417525597","app_store","5","Super","Okay","2026-08-12T06:34:11Z"
"14417368062","app_store","5","Good","Very good","2026-08-12T05:25:43Z"
"14417307191","app_store","5","Super","Bestapp but charges are not godd","2026-08-12T04:59:06Z"
"14417186136","app_store","5","Good","Good but sometimes server down and stuck payments","2026-08-12T04:07:15Z"
"14417073753","app_store","5","Mr","Excellent","2026-08-12T03:22:02Z"
"14416994329","app_store","5","Great","Very good thanks","2026-08-12T02:51:12Z"
"14416883936","app_store","5","Payment","Good","2026-08-12T02:09:56Z"
"14416854370","app_store","1","Network issue","Not good","2026-08-12T01:59:15Z"
"14416683823","app_store","5","good","okay","2026-08-12T00:56:47Z"
"14416655075","app_store","5","Good","Nice service","2026-08-12T00:46:10Z"
"14416523528","app_store","5","Fast service","Fast service","2026-08-11T23:56:42Z"
"14416019426","app_store","1","Rating","Bad app","2026-08-11T20:43:35Z"
"14415779687","app_store","5","Knock","Justin vs d
Jjjjjj","2026-08-11T19:19:40Z"
"14415297473","app_store","5","Good","Great app","2026-08-11T16:44:48Z"
"14414854490","app_store","5","Helpful","Great","2026-08-11T14:38:51Z"
"14414832404","app_store","5","Very good","Very good","2026-08-11T14:32:52Z"
"14414628916","app_store","5","Nice app","Nice app","2026-08-11T13:36:45Z"
"14414591495","app_store","5","Good","Good","2026-08-11T13:26:03Z"
"14414578726","app_store","5","Good","Good app","2026-08-11T13:22:27Z"
"14414485059","app_store","5","better than google pay","better than google pay","2026-08-11T12:55:28Z"
"14414469584","app_store","1","Some bug issues on iOS device","I recently got a problem which is when I'm trying to open PhonePe it didn't get open got loading for a while. I thought may be there is a bug and searched for new version updates in AppStore but the app has no new updates.
Then I thought that may be restarting my phone will fix the issue and I did the same but it didn't. Then I deleted the app and reinstalled it and opened it from AppStore it opened and everything is fine and I got relieved and then again I tried to open it right after closing the app and the problem repeated then I uninstalled the app few times and the same continued so I decided to
contact the customer service but the customer service doesn't have an option for problem related to the app and there are only options to problems related to transactions and bank linking and there is no mail support for complaint in their official website. I hope so the support team resolved this issue as fast as possible with a better way to contact with customers. When I send money to someone, the transaction appears in my history, but they aren't getting updated in my contact list; similarly, when someone sends money to me, it updates in the history but not in the contacts.","2026-08-11T12:50:58Z"
"14414453099","app_store","5","Amazing","Wowww","2026-08-11T12:46:07Z"
"14414367084","app_store","1","Review","Please stop asking reviews after every transaction  it’s very annoying","2026-08-11T12:20:26Z"
"14414239663","app_store","5","Fast","Smoothly run","2026-08-11T11:40:50Z"
"14414112812","app_store","5","Good","Good","2026-08-11T10:59:20Z"
"14414095125","app_store","5","Best","Best","2026-08-11T10:53:16Z"
"14413852430","app_store","5","Good","Good","2026-08-11T09:26:24Z"
"14413834800","app_store","1","Server","Problem server","2026-08-11T09:19:44Z"
"14413593899","app_store","5","Payment method","Better","2026-08-11T07:47:11Z"
"14413475689","app_store","3","PhonePe team","Mera PhonePe account Kafi Dino Se block kar Rakha Hai Maine Sab Taari kaise complaint Dal Di Hai Mera Aise chalu kiya","2026-08-11T07:00:41Z"
"14413348763","app_store","5","Best for payment","Best for payment","2026-08-11T06:07:34Z"
"14413347729","app_store","5","Nashik","Nashik","2026-08-11T06:07:08Z"
"14413333747","app_store","5","Super duper","Excellent","2026-08-11T06:01:10Z"
"14413189762","app_store","5","Very cool","Excellent","2026-08-11T04:56:46Z"
"14413162383","app_store","3","Charge Related","Over Extra Charge","2026-08-11T04:44:23Z"
"14413152350","app_store","5","Good app","Good working app","2026-08-11T04:39:54Z"
"14413098776","app_store","5","Bal val","Bal val","2026-08-11T04:15:59Z"
"14413090231","app_store","5","it is good","5 star","2026-08-11T04:12:11Z"
"14411117990","app_store","5","Very good","Good","2026-08-10T16:17:54Z"
"14410711496","app_store","5","Nicr","Good","2026-08-10T14:19:53Z"
"14410567170","app_store","5","Good","Good","2026-08-10T13:38:09Z"
